{
  "q_proj": {
    "actual": 0.05714268726296723,
    "random": 0.02206675277557224
  },
  "k_proj": {
    "actual": 0.029122595442458987,
    "random": 0.011029268032871187
  },
  "v_proj": {
    "actual": 0.010693610936868936,
    "random": 0.011042140424251556
  },
  "o_proj": {
    "actual": 0.019903236301615834,
    "random": 0.02209086122456938
  },
  "gate_proj": {
    "actual": 0.06233828701078892,
    "random": 0.044188412837684155
  },
  "down_proj": {
    "actual": 0.005789712682599202,
    "random": 0.005523366038687527
  },
  "up_proj": {
    "actual": 0.04920213995501399,
    "random": 0.044190619606524706
  }
}