{
  "q_proj": {
    "actual": 0.06010898947715759,
    "random": 0.022069266298785806
  },
  "k_proj": {
    "actual": 0.030819239793345332,
    "random": 0.011030702211428434
  },
  "v_proj": {
    "actual": 0.010634380392730236,
    "random": 0.01104189280886203
  },
  "o_proj": {
    "actual": 0.020247277105227113,
    "random": 0.022091112681664526
  },
  "gate_proj": {
    "actual": 0.06312860641628504,
    "random": 0.04418552224524319
  },
  "down_proj": {
    "actual": 0.005791903124190867,
    "random": 0.005523447005543858
  },
  "up_proj": {
    "actual": 0.04907391592860222,
    "random": 0.04418969410471618
  }
}