{
  "q_proj": {
    "actual": 0.056591723230667405,
    "random": 0.022069244948215782,
    "nfn": 2.5642799907045593
  },
  "k_proj": {
    "actual": 0.028761486697476357,
    "random": 0.01103011672385037,
    "nfn": 2.6075414628464926
  },
  "v_proj": {
    "actual": 0.010697629838250578,
    "random": 0.011041836009826512,
    "nfn": 0.9688270889669424
  },
  "o_proj": {
    "actual": 0.019871679728385064,
    "random": 0.022091115312650803,
    "nfn": 0.899532660399688
  },
  "gate_proj": {
    "actual": 0.06126310620456933,
    "random": 0.04418584569357335,
    "nfn": 1.3864871259775344
  },
  "down_proj": {
    "actual": 0.0057803033007076,
    "random": 0.005523364443797619,
    "nfn": 1.0465185412848335
  },
  "up_proj": {
    "actual": 0.04906035815365613,
    "random": 0.044190715067088604,
    "nfn": 1.110196068997178
  }
}