{
  "q_proj": {
    "actual": 0.06376804504543543,
    "random": 0.022066942998208106,
    "nfn": 2.8897543737985623
  },
  "k_proj": {
    "actual": 0.03421469405293465,
    "random": 0.011030544235836715,
    "nfn": 3.101813774679932
  },
  "v_proj": {
    "actual": 0.010714803996961564,
    "random": 0.011042648227885365,
    "nfn": 0.970311086239629
  },
  "o_proj": {
    "actual": 0.021096641896292567,
    "random": 0.022090698475949466,
    "nfn": 0.9550011249875532
  },
  "gate_proj": {
    "actual": 0.07279061945155263,
    "random": 0.04418733110651374,
    "nfn": 1.6473187592183505
  },
  "down_proj": {
    "actual": 0.005776369507657364,
    "random": 0.0055232572194654495,
    "nfn": 1.0458266342005362
  },
  "up_proj": {
    "actual": 0.05070829065516591,
    "random": 0.04419011459685862,
    "nfn": 1.1475030358660951
  }
}