{
  "layers.0": {
    "actual": 0.03976145752572587,
    "random": 0.022852904708789926
  },
  "layers.1": {
    "actual": 0.031744872267376996,
    "random": 0.02287723223621749
  },
  "layers.2": {
    "actual": 0.03227999762498907,
    "random": 0.02287895917626364
  },
  "layers.3": {
    "actual": 0.03582594197775636,
    "random": 0.022877910866269047
  },
  "layers.4": {
    "actual": 0.0346044437560652,
    "random": 0.022876464455787622
  },
  "layers.5": {
    "actual": 0.03251287600557719,
    "random": 0.02287790151312947
  },
  "layers.6": {
    "actual": 0.03319918582481997,
    "random": 0.02287679383797305
  },
  "layers.7": {
    "actual": 0.03208060631794589,
    "random": 0.022877603077462744
  },
  "layers.8": {
    "actual": 0.030840546531336645,
    "random": 0.022876963218940154
  },
  "layers.9": {
    "actual": 0.03208984704688191,
    "random": 0.02287734836073858
  },
  "layers.10": {
    "actual": 0.029896455936666046,
    "random": 0.022877685805516586
  },
  "layers.11": {
    "actual": 0.029934037184076646,
    "random": 0.02287872385765825
  },
  "layers.12": {
    "actual": 0.02900606776986803,
    "random": 0.0228789983317256
  },
  "layers.13": {
    "actual": 0.028398345610392946,
    "random": 0.022879197554928916
  },
  "layers.14": {
    "actual": 0.031238129774906805,
    "random": 0.022874971292912962
  },
  "layers.15": {
    "actual": 0.03828878788543599,
    "random": 0.022872396225907973
  }
}