{
  "q_proj": {
    "actual": 0.04146994002872988,
    "random": 0.01803003267961598
  },
  "k_proj": {
    "actual": 0.02339415553779829,
    "random": 0.010407898448673741
  },
  "v_proj": {
    "actual": 0.010255671680594483,
    "random": 0.010413590925080434
  },
  "o_proj": {
    "actual": 0.016814940400599016,
    "random": 0.01803916358788099
  },
  "gate_proj": {
    "actual": 0.042622499043742816,
    "random": 0.02945859779027246
  },
  "down_proj": {
    "actual": 0.006999901444318571,
    "random": 0.006765172429316279
  },
  "up_proj": {
    "actual": 0.03278005001623006,
    "random": 0.02946100925938005
  }
}