{
  "layers.0": {
    "actual": 0.037755275677357404,
    "random": 0.017485302895130145
  },
  "layers.1": {
    "actual": 0.023779975840200977,
    "random": 0.017511631449224886
  },
  "layers.2": {
    "actual": 0.024792952155546534,
    "random": 0.017511641049373243
  },
  "layers.3": {
    "actual": 0.02616618297816742,
    "random": 0.017511924795274223
  },
  "layers.4": {
    "actual": 0.027066070169565224,
    "random": 0.017511713926103855
  },
  "layers.5": {
    "actual": 0.024512011500164157,
    "random": 0.01751171738086712
  },
  "layers.6": {
    "actual": 0.025216979892658333,
    "random": 0.017512134294069948
  },
  "layers.7": {
    "actual": 0.02526317917786184,
    "random": 0.01751073297734062
  },
  "layers.8": {
    "actual": 0.024210417359357785,
    "random": 0.017511226649263075
  },
  "layers.9": {
    "actual": 0.02399238234031059,
    "random": 0.017511259485036137
  },
  "layers.10": {
    "actual": 0.023968596703239847,
    "random": 0.017511325382760592
  },
  "layers.11": {
    "actual": 0.025016405056452466,
    "random": 0.017511108606344177
  },
  "layers.12": {
    "actual": 0.023116640343020363,
    "random": 0.017510778678669816
  },
  "layers.13": {
    "actual": 0.023186880234806313,
    "random": 0.017511327090185314
  },
  "layers.14": {
    "actual": 0.023586169798814116,
    "random": 0.017511604611007935
  },
  "layers.15": {
    "actual": 0.022961040036309333,
    "random": 0.017511712236418613
  },
  "layers.16": {
    "actual": 0.022210742803733974,
    "random": 0.017511434547070947
  },
  "layers.17": {
    "actual": 0.022149068840025436,
    "random": 0.017512715306310427
  },
  "layers.18": {
    "actual": 0.021673058988969953,
    "random": 0.017512383688950826
  },
  "layers.19": {
    "actual": 0.022616949198501452,
    "random": 0.017512237724094163
  },
  "layers.20": {
    "actual": 0.02194597286039165,
    "random": 0.017512499510000147
  },
  "layers.21": {
    "actual": 0.021825749356122245,
    "random": 0.017512620901245442
  },
  "layers.22": {
    "actual": 0.02361203187721826,
    "random": 0.01751201106235385
  },
  "layers.23": {
    "actual": 0.022214030860258,
    "random": 0.0175119712682707
  },
  "layers.24": {
    "actual": 0.023222948868005047,
    "random": 0.017512386190217166
  },
  "layers.25": {
    "actual": 0.02514870005792805,
    "random": 0.01751223798575146
  },
  "layers.26": {
    "actual": 0.02672196724230335,
    "random": 0.01751062541401812
  },
  "layers.27": {
    "actual": 0.032837625916692474,
    "random": 0.017507720512471025
  }
}