{
  "q_proj": {
    "actual": 0.05899359961040318,
    "random": 0.022066185134463012
  },
  "k_proj": {
    "actual": 0.030186664196662605,
    "random": 0.011030560883227736
  },
  "v_proj": {
    "actual": 0.01080886006820947,
    "random": 0.011041660036426038
  },
  "o_proj": {
    "actual": 0.01982296770438552,
    "random": 0.022090004640631378
  },
  "gate_proj": {
    "actual": 0.06236130138859153,
    "random": 0.04418720072135329
  },
  "down_proj": {
    "actual": 0.005737683241022751,
    "random": 0.005523615778656676
  },
  "up_proj": {
    "actual": 0.04873066651634872,
    "random": 0.04419068852439523
  }
}