{
  "q_proj": {
    "actual": 0.05636647283099592,
    "random": 0.022068748553283515
  },
  "k_proj": {
    "actual": 0.02862817998975515,
    "random": 0.011030038236640392
  },
  "v_proj": {
    "actual": 0.01069329857127741,
    "random": 0.011041383142583072
  },
  "o_proj": {
    "actual": 0.019853269669692964,
    "random": 0.022090952261351052
  },
  "gate_proj": {
    "actual": 0.06085891053080558,
    "random": 0.04418556219898164
  },
  "down_proj": {
    "actual": 0.005776628159219399,
    "random": 0.005523463018471374
  },
  "up_proj": {
    "actual": 0.0490060637705028,
    "random": 0.04419115125201642
  }
}