{
  "q_proj": {
    "actual": 2.5750196227039384,
    "random": 0.9986817996322089,
    "nfn": 2.5790018219338267
  },
  "k_proj": {
    "actual": 1.3110063016556628,
    "random": 0.49913016346620764,
    "nfn": 2.6267473386832623
  },
  "v_proj": {
    "actual": 0.48419218765739297,
    "random": 0.49968156146565257,
    "nfn": 0.9690042727903644
  },
  "o_proj": {
    "actual": 0.8997239322224506,
    "random": 0.9997097855018274,
    "nfn": 0.8999863803997598
  },
  "gate_proj": {
    "actual": 2.8018046179666762,
    "random": 1.9996173524659908,
    "nfn": 1.4011791060202121
  },
  "down_proj": {
    "actual": 0.5237163658065066,
    "random": 0.4999212845740305,
    "nfn": 1.0475980935603995
  },
  "up_proj": {
    "actual": 2.224513092063461,
    "random": 1.9998296766984056,
    "nfn": 1.1123651564158556
  }
}