{
  "model.layers.14.mlp.up_proj": {
    "actual": 2.39053242805105,
    "random": 1.9998253766661864,
    "nfn": 1.1953700489520813
  },
  "model.layers.8.self_attn.v_proj": {
    "actual": 0.4920314680263583,
    "random": 0.4996236580178258,
    "nfn": 0.9848041438309908
  },
  "model.layers.14.self_attn.k_proj": {
    "actual": 1.1625740416005343,
    "random": 0.49916488535709985,
    "nfn": 2.3290405573050696
  },
  "model.layers.13.self_attn.v_proj": {
    "actual": 0.43856046517295716,
    "random": 0.4996698003875755,
    "nfn": 0.8777004663316419
  },
  "model.layers.6.mlp.up_proj": {
    "actual": 2.181929045863594,
    "random": 1.9999110190623604,
    "nfn": 1.091013062716082
  },
  "model.layers.12.self_attn.q_proj": {
    "actual": 2.1235878102920496,
    "random": 0.9989703859528261,
    "nfn": 2.1257816830731393
  },
  "model.layers.7.mlp.down_proj": {
    "actual": 0.5287209866487224,
    "random": 0.4998715699954518,
    "nfn": 1.0577135076651691
  },
  "model.layers.12.mlp.up_proj": {
    "actual": 2.0952056841775897,
    "random": 1.9998306197341413,
    "nfn": 1.0476914421963408
  },
  "model.layers.11.self_attn.q_proj": {
    "actual": 2.0990708030671295,
    "random": 0.9993943748194758,
    "nfn": 2.1003414738199115
  },
  "model.layers.14.mlp.down_proj": {
    "actual": 0.4813583391940597,
    "random": 0.499930887470046,
    "nfn": 0.9628495712437715
  },
  "model.layers.3.mlp.down_proj": {
    "actual": 0.5303515049183238,
    "random": 0.4999199292894331,
    "nfn": 1.0608728328204933
  },
  "model.layers.6.mlp.gate_proj": {
    "actual": 3.029829650430602,
    "random": 1.9993750291604777,
    "nfn": 1.5153878309021316
  },
  "model.layers.8.mlp.down_proj": {
    "actual": 0.5036919289318733,
    "random": 0.4998905571507059,
    "nfn": 1.0076044373182238
  },
  "model.layers.3.self_attn.q_proj": {
    "actual": 3.2252689365303846,
    "random": 0.9992621348675883,
    "nfn": 3.227654075835411
  },
  "model.layers.8.self_attn.o_proj": {
    "actual": 0.7677998867693268,
    "random": 0.9998238849232808,
    "nfn": 0.7679349648369589
  },
  "model.layers.2.mlp.gate_proj": {
    "actual": 2.486165717805955,
    "random": 1.9996358338590632,
    "nfn": 1.2433121743658326
  },
  "model.layers.4.mlp.up_proj": {
    "actual": 2.138467890028736,
    "random": 1.9999030954548402,
    "nfn": 1.069285793727292
  },
  "model.layers.5.self_attn.q_proj": {
    "actual": 2.4343192104375033,
    "random": 0.9990355534099933,
    "nfn": 2.436674201673566
  },
  "model.layers.5.self_attn.o_proj": {
    "actual": 0.8431614106155708,
    "random": 0.9997540813127769,
    "nfn": 0.8433678539690511
  },
  "model.layers.6.self_attn.k_proj": {
    "actual": 1.3446976884041362,
    "random": 0.498997157758766,
    "nfn": 2.694805859364596
  },
  "model.layers.3.self_attn.v_proj": {
    "actual": 0.477261909970522,
    "random": 0.4998399092828504,
    "nfn": 0.9548294900699202
  },
  "model.layers.0.mlp.up_proj": {
    "actual": 2.2750052357431243,
    "random": 1.9998016058436263,
    "nfn": 1.1376154772118205
  },
  "model.layers.14.self_attn.o_proj": {
    "actual": 0.9471684362326197,
    "random": 0.9996968121750202,
    "nfn": 0.9474557474783014
  },
  "model.layers.11.self_attn.o_proj": {
    "actual": 0.8538516974298984,
    "random": 0.9997711845039028,
    "nfn": 0.854047242726313
  },
  "model.layers.5.mlp.gate_proj": {
    "actual": 3.001708497602121,
    "random": 1.9995190027949907,
    "nfn": 1.5012136918902699
  },
  "model.layers.14.self_attn.q_proj": {
    "actual": 2.249648056381248,
    "random": 0.9986618541629868,
    "nfn": 2.252665056987099
  },
  "model.layers.15.mlp.down_proj": {
    "actual": 0.5472676356862987,
    "random": 0.4999090301144083,
    "nfn": 1.094733979927701
  },
  "model.layers.6.self_attn.v_proj": {
    "actual": 0.49780979252783225,
    "random": 0.49969510535542144,
    "nfn": 0.99622733406422
  },
  "model.layers.5.self_attn.v_proj": {
    "actual": 0.5653615980680743,
    "random": 0.4996873587646652,
    "nfn": 1.1314308767556374
  },
  "model.layers.0.self_attn.q_proj": {
    "actual": 4.0198203468508735,
    "random": 0.9927161055204884,
    "nfn": 4.049306075318885
  },
  "model.layers.11.mlp.up_proj": {
    "actual": 2.095440037514049,
    "random": 1.9999008363837603,
    "nfn": 1.0477720696361394
  },
  "model.layers.2.self_attn.q_proj": {
    "actual": 2.751432149209688,
    "random": 0.9993686062362963,
    "nfn": 2.7531702347883953
  },
  "model.layers.0.mlp.down_proj": {
    "actual": 0.6194687317354199,
    "random": 0.4999335975124052,
    "nfn": 1.2391018966490177
  },
  "model.layers.10.self_attn.v_proj": {
    "actual": 0.5095084426927827,
    "random": 0.4996665677242948,
    "nfn": 1.0196969683664023
  },
  "model.layers.8.mlp.gate_proj": {
    "actual": 3.0835903159297646,
    "random": 1.9996034313619275,
    "nfn": 1.54210277294356
  },
  "lm_head": {
    "actual": 10.597984406869154,
    "random": 7.875868492806843,
    "nfn": 1.3456352527879374
  },
  "model.layers.9.self_attn.k_proj": {
    "actual": 1.286600002611397,
    "random": 0.4991860135722585,
    "nfn": 2.577395533423893
  },
  "model.layers.6.mlp.down_proj": {
    "actual": 0.5431790752793783,
    "random": 0.4999025394997375,
    "nfn": 1.0865697302117627
  },
  "model.layers.13.mlp.down_proj": {
    "actual": 0.48373862039587595,
    "random": 0.499930942260949,
    "nfn": 0.9676106737509592
  },
  "model.layers.9.mlp.up_proj": {
    "actual": 2.111360335189463,
    "random": 1.9999374535657466,
    "nfn": 1.0557131949460519
  },
  "model.layers.0.self_attn.k_proj": {
    "actual": 1.7475166229448607,
    "random": 0.4977753248351199,
    "nfn": 3.5106618257550615
  },
  "model.layers.7.mlp.up_proj": {
    "actual": 2.2631654610706198,
    "random": 1.999805887963435,
    "nfn": 1.1316926002330954
  },
  "model.layers.12.mlp.down_proj": {
    "actual": 0.4816987171426336,
    "random": 0.49993778690914725,
    "nfn": 0.9635174122479672
  },
  "model.layers.3.mlp.gate_proj": {
    "actual": 2.8108829427151303,
    "random": 1.9997053930178452,
    "nfn": 1.4056466242921608
  },
  "model.layers.2.self_attn.v_proj": {
    "actual": 0.4476317988129145,
    "random": 0.49967004483929695,
    "nfn": 0.8958552481670413
  },
  "model.layers.13.self_attn.q_proj": {
    "actual": 2.0180996264071522,
    "random": 0.9992440285814677,
    "nfn": 2.0196277606625572
  },
  "model.layers.0.mlp.gate_proj": {
    "actual": 2.476369323501695,
    "random": 1.9998239436733367,
    "nfn": 1.238293492386733
  },
  "model.layers.13.self_attn.k_proj": {
    "actual": 1.06128656667176,
    "random": 0.4993240740039256,
    "nfn": 2.1254479509480597
  },
  "model.layers.7.mlp.gate_proj": {
    "actual": 3.1422048485257927,
    "random": 1.99957082655992,
    "nfn": 1.5714394352920777
  },
  "model.layers.4.self_attn.q_proj": {
    "actual": 2.941203358534331,
    "random": 0.9993598059743272,
    "nfn": 2.94308712367508
  },
  "model.layers.12.mlp.gate_proj": {
    "actual": 2.441015350000259,
    "random": 1.9998008809178316,
    "nfn": 1.2206296167514012
  },
  "model.layers.3.self_attn.k_proj": {
    "actual": 1.6535019576189078,
    "random": 0.4991915938150012,
    "nfn": 3.3123569105645307
  },
  "model.layers.14.mlp.gate_proj": {
    "actual": 2.5954494108453927,
    "random": 1.999722420344644,
    "nfn": 1.2979054274110289
  },
  "model.layers.1.self_attn.k_proj": {
    "actual": 1.5864403199268473,
    "random": 0.49940575881102445,
    "nfn": 3.1766581943480325
  },
  "model.layers.10.self_attn.q_proj": {
    "actual": 2.065199673707483,
    "random": 0.9990962111543702,
    "nfn": 2.0670698648891856
  },
  "model.layers.6.self_attn.o_proj": {
    "actual": 0.7362331363520134,
    "random": 0.9997170005154571,
    "nfn": 0.736441698576173
  },
  "model.layers.0.self_attn.o_proj": {
    "actual": 1.5070898413207687,
    "random": 0.9996515296009802,
    "nfn": 1.5076155824958073
  },