{
  "model.layers.0.self_attn.q_proj": {
    "actual": 0.08781848847866058,
    "random": 0.021950263157486917
  },
  "model.layers.2.self_attn.v_proj": {
    "actual": 0.00986079853028059,
    "random": 0.01104215020313859
  },
  "model.layers.3.mlp.down_proj": {
    "actual": 0.005862172273918986,
    "random": 0.005523669207468629
  },
  "model.layers.3.self_attn.o_proj": {
    "actual": 0.02218455485999584,
    "random": 0.022094274312257765
  },
  "model.layers.2.self_attn.k_proj": {
    "actual": 0.027396522089838983,
    "random": 0.011037359852343798
  },
  "model.layers.1.mlp.down_proj": {
    "actual": 0.0055085695814341305,
    "random": 0.0055232723243534565
  },
  "model.layers.11.mlp.up_proj": {
    "actual": 0.04623360335826874,
    "random": 0.044194303825497626
  },
  "model.layers.1.self_attn.q_proj": {
    "actual": 0.07283457815647125,
    "random": 0.02207439634948969
  },
  "model.layers.10.mlp.up_proj": {
    "actual": 0.04650970622897148,
    "random": 0.044191984459757805
  },
  "model.layers.13.self_attn.q_proj": {
    "actual": 0.04440208822488785,
    "random": 0.02208073828369379
  },
  "model.layers.1.mlp.gate_proj": {
    "actual": 0.05734949633479118,
    "random": 0.04418768249452114
  },
  "model.layers.3.self_attn.q_proj": {
    "actual": 0.07109732702374458,
    "random": 0.022078483924269678
  },
  "model.layers.6.self_attn.q_proj": {
    "actual": 0.05819380581378937,
    "random": 0.02207752224057913
  },
  "model.layers.5.self_attn.k_proj": {
    "actual": 0.02746160011738539,
    "random": 0.01103545492514968
  },
  "model.layers.0.mlp.down_proj": {
    "actual": 0.006857514008879661,
    "random": 0.005523084755986929
  },
  "model.layers.0.self_attn.o_proj": {
    "actual": 0.033322731778025624,
    "random": 0.022088243253529073
  },
  "model.layers.0.mlp.gate_proj": {
    "actual": 0.054606597498059274,
    "random": 0.04419264085590839
  },
  "model.layers.14.self_attn.k_proj": {
    "actual": 0.025385887548327445,
    "random": 0.011027047038078308
  },
  "model.layers.2.mlp.down_proj": {
    "actual": 0.006360775139182806,
    "random": 0.00552347251214087
  },
  "model.layers.10.self_attn.v_proj": {
    "actual": 0.01125975837931037,
    "random": 0.011041443143039942
  },
  "model.layers.11.self_attn.v_proj": {
    "actual": 0.009828013461083173,
    "random": 0.011041266564279794
  },
  "model.layers.6.self_attn.k_proj": {
    "actual": 0.029452406987547874,
    "random": 0.011029603611677884
  },
  "model.layers.2.self_attn.q_proj": {
    "actual": 0.060699183866381644,
    "random": 0.022084712609648706
  },
  "lm_head": {
    "actual": 0.23186832666397095,
    "random": 0.17408540844917297
  },
  "model.layers.13.mlp.down_proj": {
    "actual": 0.0053552267607301475,
    "random": 0.005523608392104506
  },
  "model.layers.14.mlp.up_proj": {
    "actual": 0.05251869484782219,
    "random": 0.04419108889997005
  },
  "model.layers.13.mlp.up_proj": {
    "actual": 0.04717421047389507,
    "random": 0.04419014677405357
  },
  "model.layers.0.self_attn.v_proj": {
    "actual": 0.00907354336231947,
    "random": 0.011040136776864528
  },
  "model.layers.8.mlp.down_proj": {
    "actual": 0.005564007861539722,
    "random": 0.005523784598335624
  },
  "model.layers.14.mlp.gate_proj": {
    "actual": 0.056903307884931566,
    "random": 0.04418669417500496
  },
  "model.layers.7.self_attn.o_proj": {
    "actual": 0.015585076808929444,
    "random": 0.02208967264741659
  },
  "model.layers.13.self_attn.k_proj": {
    "actual": 0.023207895644009113,
    "random": 0.011032907478511333
  },
  "model.layers.14.mlp.down_proj": {
    "actual": 0.005301759485155344,
    "random": 0.005523391766473651
  },
  "model.layers.15.self_attn.o_proj": {
    "actual": 0.018179057352244853,
    "random": 0.022089908830821514
  },
  "model.layers.13.self_attn.o_proj": {
    "actual": 0.017877556569874286,
    "random": 0.022093544341623784
  },
  "model.layers.14.self_attn.o_proj": {
    "actual": 0.020980683900415898,
    "random": 0.022091972827911376
  },
  "model.layers.5.self_attn.q_proj": {
    "actual": 0.05320603772997856,
    "random": 0.02208491154015064
  },
  "model.layers.5.mlp.down_proj": {
    "actual": 0.00586203271523118,
    "random": 0.005523137422278524
  },
  "model.layers.15.self_attn.v_proj": {
    "actual": 0.01214257413521409,
    "random": 0.01104130344465375
  },
  "model.layers.5.mlp.gate_proj": {
    "actual": 0.06549564227461815,
    "random": 0.04418865405023098
  },
  "model.layers.2.mlp.gate_proj": {
    "actual": 0.05419210977852344,
    "random": 0.04418856427073479
  },
  "model.layers.7.mlp.gate_proj": {
    "actual": 0.06877668350934982,
    "random": 0.04418384730815887
  },
  "model.layers.6.mlp.up_proj": {
    "actual": 0.048139312863349916,
    "random": 0.04419161900877953
  },
  "model.layers.5.mlp.up_proj": {
    "actual": 0.04721032902598381,
    "random": 0.044189679250121114
  },
  "model.layers.8.self_attn.q_proj": {
    "actual": 0.045214718952775,
    "random": 0.022078919969499112
  },
  "model.layers.0.mlp.up_proj": {
    "actual": 0.050419796258211136,
    "random": 0.04419285990297794
  },
  "model.layers.4.self_attn.k_proj": {
    "actual": 0.033457618579268454,
    "random": 0.011030819360166788
  },
  "model.layers.4.mlp.gate_proj": {
    "actual": 0.06399333775043488,
    "random": 0.04418113231658936
  },
  "model.layers.10.self_attn.o_proj": {
    "actual": 0.016489789821207523,
    "random": 0.02208981364965439
  },
  "model.layers.14.self_attn.v_proj": {
    "actual": 0.01056361785158515,
    "random": 0.011037672962993383
  },
  "model.layers.3.self_attn.k_proj": {
    "actual": 0.03639650158584118,
    "random": 0.011033018957823515
  },
  "model.layers.2.mlp.up_proj": {
    "actual": 0.044519906118512156,
    "random": 0.04419169500470162
  },
  "model.layers.9.mlp.up_proj": {
    "actual": 0.04661820568144322,
    "random": 0.0441917072981596
  },
  "model.layers.12.mlp.up_proj": {
    "actual": 0.04623897261917591,
    "random": 0.044190584868192676
  },
  "model.layers.15.self_attn.k_proj": {
    "actual": 0.028977696038782596,
    "random": 0.011025803629308939
  },
  "model.layers.8.mlp.up_proj": {
    "actual": 0.046833823621273044,
    "random": 0.04419012367725372
  },
  "model.layers.8.self_attn.k_proj": {
    "actual": 0.025463007390499115,
    "random": 0.011031908448785543
  },
  "model.layers.7.mlp.down_proj": {
    "actual": 0.005829364433884621,
    "random": 0.005523008806630969
  },
  "model.layers.10.self_attn.k_proj": {
    "actual": 0.024359952844679355,
    "random": 0.011032723449170589
  },
  "model.layers.8.self_attn.o_proj": {
    "actual": 0.016950702108442784,
    "random": 0.02209169026464224
  },
  "model.layers.1.mlp.up_proj": {
    "actual": 0.0437338151037693,
    "random": 0.04419061578810215
  },
  "model.layers.10.mlp.gate_proj": {
    "actual": 0.06143558770418167,
    "random": 0.04418471045792103
  },
  "model.layers.10.mlp.down_proj": {
    "actual": 0.005604867311194539,
    "random": 0.005523285502567888
  },
  "model.layers.11.mlp.down_proj": {
    "actual": 0.00554065122269094,
    "random": 0.0055236408021301035
  },
  "model.layers.4.mlp.down_proj": {
    "actual": 0.0058599734678864476,
    "random": 0.005523092020303011
  },
  "model.layers.14.self_attn.q_proj": {
    "actual": 0.04942409470677376,
    "random": 0.02206904161721468
  },
  "model.layers.10.self_attn.q_proj": {
    "actual": 0.04551053866744041,
    "random": 0.022077588923275472
  },
  "model.layers.7.self_attn.q_proj": {
    "actual": 0.049724215269088747,
    "random": 0.022077416628599168
  },
  "model.layers.6.self_attn.v_proj": {
    "actual": 0.010962426755577325,
    "random": 0.011043707374483347
  },
  "model.layers.4.self_attn.o_proj": {
    "actual": 0.018259396590292454,
    "random": 0.022092105261981486
  },
  "model.layers.11.mlp.gate_proj": {
    "actual": 0.056898895651102066,
    "random": 0.04418543577194214
  },